mean_fit_time,std_fit_time,mean_score_time,std_score_time,param_bootstrap,param_max_depth,param_max_features,param_min_samples_leaf,param_min_samples_split,param_n_estimators,params,split0_test_score,split1_test_score,mean_test_score,std_test_score,rank_test_score
1395.5531295537949,23.72259223461151,94.96083521842957,94.96083521842957,False,30,log2,1,2,200,"{'bootstrap': False, 'max_depth': 30, 'max_features': 'log2', 'min_samples_leaf': 1, 'min_samples_split': 2, 'n_estimators': 200}",,-6.404739172780106,,,11
1628.0340765714645,532.3483465909958,142.94247364997864,142.94247364997864,False,30,log2,1,2,300,"{'bootstrap': False, 'max_depth': 30, 'max_features': 'log2', 'min_samples_leaf': 1, 'min_samples_split': 2, 'n_estimators': 300}",,-6.396169757404645,,,11
2028.802125453949,985.5779490470886,248.98281633853912,248.98281633853912,False,30,log2,1,2,400,"{'bootstrap': False, 'max_depth': 30, 'max_features': 'log2', 'min_samples_leaf': 1, 'min_samples_split': 2, 'n_estimators': 400}",,-6.390126513792438,,,11
1399.782163143158,8.763591527938843,188.6966676712036,13.212939023971558,False,30,log2,1,3,200,"{'bootstrap': False, 'max_depth': 30, 'max_features': 'log2', 'min_samples_leaf': 1, 'min_samples_split': 3, 'n_estimators': 200}",-6.373181528784873,-6.398575818238558,-6.385878673511716,0.012697144726842247,9
1059.9595588445663,34.72477066516876,0.0,0.0,False,30,log2,1,3,300,"{'bootstrap': False, 'max_depth': 30, 'max_features': 'log2', 'min_samples_leaf': 1, 'min_samples_split': 3, 'n_estimators': 300}",,,,,11
1047.4124799966812,278.1315392255783,0.0,0.0,False,30,log2,1,3,400,"{'bootstrap': False, 'max_depth': 30, 'max_features': 'log2', 'min_samples_leaf': 1, 'min_samples_split': 3, 'n_estimators': 400}",,,,,11
1443.6393030881882,48.22729790210724,114.60935139656067,14.794903039932251,False,30,log2,2,2,200,"{'bootstrap': False, 'max_depth': 30, 'max_features': 'log2', 'min_samples_leaf': 2, 'min_samples_split': 2, 'n_estimators': 200}",-6.367914537229916,-6.405487672481571,-6.386701104855744,0.0187865676258272,10
1752.3971960544586,10.872948408126831,212.35335326194763,0.5495376586914062,False,30,log2,2,2,300,"{'bootstrap': False, 'max_depth': 30, 'max_features': 'log2', 'min_samples_leaf': 2, 'min_samples_split': 2, 'n_estimators': 300}",-6.365694899546351,-6.39817400240421,-6.3819344509752804,0.016239551428929744,7
2135.8100955486298,34.09991002082825,231.15465247631073,23.88880980014801,False,30,log2,2,2,400,"{'bootstrap': False, 'max_depth': 30, 'max_features': 'log2', 'min_samples_leaf': 2, 'min_samples_split': 2, 'n_estimators': 400}",-6.362378065383266,-6.39234622154685,-6.377362143465058,0.014984078081792251,5
1023.372040271759,39.00852966308594,62.37357783317566,62.37357783317566,False,30,log2,2,3,200,"{'bootstrap': False, 'max_depth': 30, 'max_features': 'log2', 'min_samples_leaf': 2, 'min_samples_split': 3, 'n_estimators': 200}",-6.367914537229916,,,,11
1550.915369272232,15.05109167098999,89.68290054798126,89.68290054798126,False,30,log2,2,3,300,"{'bootstrap': False, 'max_depth': 30, 'max_features': 'log2', 'min_samples_leaf': 2, 'min_samples_split': 3, 'n_estimators': 300}",-6.365694899546351,,,,11
1992.8757812976837,44.25683355331421,121.5072671175003,121.5072671175003,False,30,log2,2,3,400,"{'bootstrap': False, 'max_depth': 30, 'max_features': 'log2', 'min_samples_leaf': 2, 'min_samples_split': 3, 'n_estimators': 400}",-6.362378065383266,,,,11
914.6958636045456,349.0326315164566,130.5251109600067,130.5251109600067,False,40,log2,1,2,200,"{'bootstrap': False, 'max_depth': 40, 'max_features': 'log2', 'min_samples_leaf': 1, 'min_samples_split': 2, 'n_estimators': 200}",,-6.381692597523696,,,11
1970.9481197595596,361.06562864780426,193.0155792236328,193.0155792236328,False,40,log2,1,2,300,"{'bootstrap': False, 'max_depth': 40, 'max_features': 'log2', 'min_samples_leaf': 1, 'min_samples_split': 2, 'n_estimators': 300}",-6.359575248309808,,,,11
1318.1838402748108,202.0610637664795,0.0,0.0,False,40,log2,1,2,400,"{'bootstrap': False, 'max_depth': 40, 'max_features': 'log2', 'min_samples_leaf': 1, 'min_samples_split': 2, 'n_estimators': 400}",,,,,11
410.4319223165512,102.72705042362213,0.0,0.0,False,40,log2,1,3,200,"{'bootstrap': False, 'max_depth': 40, 'max_features': 'log2', 'min_samples_leaf': 1, 'min_samples_split': 3, 'n_estimators': 200}",,,,,11
1270.513069152832,1116.3413496017456,192.09899866580963,192.09899866580963,False,40,log2,1,3,300,"{'bootstrap': False, 'max_depth': 40, 'max_features': 'log2', 'min_samples_leaf': 1, 'min_samples_split': 3, 'n_estimators': 300}",-6.359747347505954,,,,11
733.8981940746307,688.254362821579,0.0,0.0,False,40,log2,1,3,400,"{'bootstrap': False, 'max_depth': 40, 'max_features': 'log2', 'min_samples_leaf': 1, 'min_samples_split': 3, 'n_estimators': 400}",,,,,11
1418.6970955133438,21.169475197792053,184.57926440238953,25.92609715461731,False,40,log2,2,2,200,"{'bootstrap': False, 'max_depth': 40, 'max_features': 'log2', 'min_samples_leaf': 2, 'min_samples_split': 2, 'n_estimators': 200}",-6.369403581374461,-6.398613304473355,-6.384008442923908,0.014604861549447179,8
1977.3813784122467,25.94974946975708,93.55232203006744,92.80996143817902,False,40,log2,2,2,300,"{'bootstrap': False, 'max_depth': 40, 'max_features': 'log2', 'min_samples_leaf': 2, 'min_samples_split': 2, 'n_estimators': 300}",,-6.39061499600563,,,11
2319.448217153549,67.77523398399353,264.57358157634735,10.158958554267883,False,40,log2,2,2,400,"{'bootstrap': False, 'max_depth': 40, 'max_features': 'log2', 'min_samples_leaf': 2, 'min_samples_split': 2, 'n_estimators': 400}",-6.362239813301335,-6.388358631514533,-6.375299222407934,0.013059409106598974,3
821.4416837692261,293.34890961647034,67.8627849817276,67.8627849817276,False,40,log2,2,3,200,"{'bootstrap': False, 'max_depth': 40, 'max_features': 'log2', 'min_samples_leaf': 2, 'min_samples_split': 3, 'n_estimators': 200}",-6.369403581374461,,,,11
1716.9296100139618,7.107334852218628,206.1630539894104,2.9412074089050293,False,40,log2,2,3,300,"{'bootstrap': False, 'max_depth': 40, 'max_features': 'log2', 'min_samples_leaf': 2, 'min_samples_split': 3, 'n_estimators': 300}",-6.363454684540359,-6.39061499600563,-6.377034840272994,0.013580155732635824,4
1802.1728385686874,527.8078414201736,140.87097930908203,140.87097930908203,False,40,log2,2,3,400,"{'bootstrap': False, 'max_depth': 40, 'max_features': 'log2', 'min_samples_leaf': 2, 'min_samples_split': 3, 'n_estimators': 400}",-6.362239813301335,,,,11
988.2084270715714,29.409473538398743,0.0,0.0,False,50,log2,1,2,200,"{'bootstrap': False, 'max_depth': 50, 'max_features': 'log2', 'min_samples_leaf': 1, 'min_samples_split': 2, 'n_estimators': 200}",,,,,11
1702.5726010799408,503.83486580848694,170.4495725631714,170.4495725631714,False,50,log2,1,2,300,"{'bootstrap': False, 'max_depth': 50, 'max_features': 'log2', 'min_samples_leaf': 1, 'min_samples_split': 2, 'n_estimators': 300}",-6.359716731859933,,,,11
1044.109672665596,424.924933552742,0.0,0.0,False,50,log2,1,2,400,"{'bootstrap': False, 'max_depth': 50, 'max_features': 'log2', 'min_samples_leaf': 1, 'min_samples_split': 2, 'n_estimators': 400}",,,,,11
336.284157037735,148.9669270515442,0.0,0.0,False,50,log2,1,3,200,"{'bootstrap': False, 'max_depth': 50, 'max_features': 'log2', 'min_samples_leaf': 1, 'min_samples_split': 3, 'n_estimators': 200}",,,,,11
915.8386751413345,552.7398203611374,0.0,0.0,False,50,log2,1,3,300,"{'bootstrap': False, 'max_depth': 50, 'max_features': 'log2', 'min_samples_leaf': 1, 'min_samples_split': 3, 'n_estimators': 300}",,,,,11
2353.3742431402206,299.92909848690033,0.0,0.0,False,50,log2,1,3,400,"{'bootstrap': False, 'max_depth': 50, 'max_features': 'log2', 'min_samples_leaf': 1, 'min_samples_split': 3, 'n_estimators': 400}",,,,,11
1063.596003293991,93.4084722995758,0.0,0.0,False,50,log2,2,2,200,"{'bootstrap': False, 'max_depth': 50, 'max_features': 'log2', 'min_samples_leaf': 2, 'min_samples_split': 2, 'n_estimators': 200}",,,,,11
1685.0319201946259,53.11378741264343,205.24895310401917,1.235961675643921,False,50,log2,2,2,300,"{'bootstrap': False, 'max_depth': 50, 'max_features': 'log2', 'min_samples_leaf': 2, 'min_samples_split': 2, 'n_estimators': 300}",-6.3601937743119255,-6.386578925151785,-6.373386349731855,0.013192575419929575,2
2174.6131168603897,81.06343734264374,141.1606959104538,141.1606959104538,False,50,log2,2,2,400,"{'bootstrap': False, 'max_depth': 50, 'max_features': 'log2', 'min_samples_leaf': 2, 'min_samples_split': 2, 'n_estimators': 400}",-6.357549307171517,,,,11
1119.7662856578827,0.6226785182952881,134.90395843982697,3.5867990255355835,False,50,log2,2,3,200,"{'bootstrap': False, 'max_depth': 50, 'max_features': 'log2', 'min_samples_leaf': 2, 'min_samples_split': 3, 'n_estimators': 200}",-6.365969704068059,-6.392225257079541,-6.379097480573799,0.013127776505740929,6
1552.5802909135818,115.53424108028412,100.12986981868744,100.12986981868744,False,50,log2,2,3,300,"{'bootstrap': False, 'max_depth': 50, 'max_features': 'log2', 'min_samples_leaf': 2, 'min_samples_split': 3, 'n_estimators': 300}",-6.3601937743119255,,,,11
2068.960498213768,8.943396925926208,285.0942553281784,4.854008793830872,False,50,log2,2,3,400,"{'bootstrap': False, 'max_depth': 50, 'max_features': 'log2', 'min_samples_leaf': 2, 'min_samples_split': 3, 'n_estimators': 400}",-6.357549307171517,-6.3824796816578475,-6.370014494414683,0.012465187243165143,1
